word,weight
always,0.9639107611548556
best,0.8799212598425197
clearly,0.9980314960629921
highest,0.9914698162729659
lowest,0.9940944881889764
must,0.9698162729658792
never,0.9730971128608924
strongly,0.9973753280839895
will,0.5
